Designator,Comment,Footprint,Quantity,LCSC,Farnell PN

"F1, F2","Bell FC-211-22","FUSE_CLIP_5x20","2","",""
"P1","Terminal4_5.08mm","MOLEX-39544-3004","1","","1624302"
"P2","Terminal3_5.08mm","MOLEX-39544-3003","1","",""
"Q1, Q2","FDS4675","SO-8_M","2","",""
"Q3, Q4","FDS4672A","SO-8_M","2","C725034",""
"R1, R2, R3, R4","4K3","CR1608-0603_N","4","C23159",""
"RV1","V33MLA1206NHAUTO","VR3216-1206","1","","1816942"
"SP1, SP2, SP3, SP4","Spacer-3mm-tapped x 10mm","SPACER-3MM TAPPED X 10 MM","4","",""
"Z1","DZ23C12","SOT23_M","1","",""
"Z2","AZ23C7V5","SOT23_M","1","",""
