Altium Designer Pick and Place Locations
Z:\Documents\Development\SolderingStation\PCB_Quad\QuadSwitch 7-27-2021 6-20-48 PM\Pick Place for QuadSwitch.csv

========================================================================================================================
File Design Information:

Date:       27/07/21
Time:       18:20
Revision:   Not in VersionControl
Variant:    No variations
Units used: mil

"Designator","Layer","Footprint","Center-X(mil)","Center-Y(mil)","Rotation"
"E1","BottomLayer","ROTARYENCODER_-_PEC12R","495.158","374.528","90"
"P1","BottomLayer","HDR1X5S","114.055","373.583","90"
