Altium Designer Pick and Place Locations
Z:\Documents\Development\SolderingStation\PCB_Quad\QuadSwitch 28-Jul-21 3-00-54 PM\Pick Place for QuadSwitch.csv

========================================================================================================================
File Design Information:

Date:       28-07-21
Time:       15:00
Revision:   1028506de0a763a4ef0d20f1922239cbdb3b4c32
Variant:    No variations
Units used: mil

"Designator","Layer","Footprint","Center-X(mil)","Center-Y(mil)","Rotation"
"E1","BottomLayer","ROTARYENCODER_-_PEC12R","495.158","374.528","90"
"P1","BottomLayer","HDR1X5S","114.055","373.583","90"
