Altium Designer Pick and Place Locations
H:\Documents\Development\SolderingStation\PCB_Controller\SolderingStation 25-06-2021 7-26-57 PM\Pick Place for SolderingStation.csv

========================================================================================================================
File Design Information:

Date:       25/06/21
Time:       19:27
Revision:   53b0371089b794dd194b7797487ee3260c01884c
Variant:    No variations
Units used: mil

"Designator","Comment","Layer","Footprint","Center-X(mil)","Center-Y(mil)","Rotation","Description"
"C20","100nF","TopLayer","CCNP1608-0603","-185.000","-561.811","90","Capacitor non-polar SMT 0603"
"C17","100nF","TopLayer","CCNP1608-0603","360.000","-560.000","90","Capacitor non-polar SMT 0603"
"C7","100nF","TopLayer","CCNP1608-0603","320.000","-690.000","180","Capacitor non-polar SMT 0603"
"R12","30K","TopLayer","CR1608-0603_N","-1475.000","-1170.000","180","Resistor SMT 0603"
"Q4","MMBT3906LT1G","TopLayer","SOT23_N","-1278.504","-1185.000","0","General Purpose Transistor, PNP Silicon, 3-Pin SOT-23, Pb-Free, Tape and Reel"
"R8","39K","TopLayer","CR1608-0603_N","-1248.504","-1290.000","360","Resistor SMT 0603"
"R4","15K","TopLayer","CR1608-0603_N","-1188.504","-1185.000","270","Resistor SMT 0603"
"R10","43K","TopLayer","CR1608-0603_N","-1375.000","-1195.000","90","Resistor SMT 0603"
"Q6","MMBT3904LT1G","TopLayer","SOT23_N","-1475.000","-1275.000","90","General Purpose Transistor, NPN Silicon, 3-Pin SOT-23, Pb-Free, Tape and Reel"
"R57","33R","TopLayer","CR1608-0603_N","305.000","-175.000","0","Resistor SMT 0603"
"R56","33R","TopLayer","CR1608-0603_N","305.000","-225.000","0","Resistor SMT 0603"
"U6","ADuM4160BRIZ","TopLayer","SOIC127P1030-16L","95.000","-465.000","180","Full/Low Speed 5 kV USB Digital Isolator"
"D4","BAV199LT1G","TopLayer","SOT23_N","-1333.701","-938.701","90","Dual Series low-leakage switching diodes, 3-Pin SOT-23"
"Q5","MMBT3904LT1G","TopLayer","SOT23_N","-3040.000","-1275.000","90","General Purpose Transistor, NPN Silicon, 3-Pin SOT-23, Pb-Free, Tape and Reel"
"R32","100K","TopLayer","CR1608-0603_N","-2255.000","-1730.000","0","Resistor SMT 0603"
"R31","100K","TopLayer","CR1608-0603_N","-3830.000","-1730.000","0","Resistor SMT 0603"
"D15","BAV199LT1G","TopLayer","SOT23_N","-1335.000","-795.000","90","Dual Series low-leakage switching diodes, 3-Pin SOT-23"
"P3","MOLEX-43045-0412","TopLayer","MOLEX-43045-0412","-2165.000","-1501.496","360","Wire-To-Board Connector, With Polarizing Peg, 3 mm, 4 Contacts, Header, Micro-Fit 3.0 43045 Series"
"D14","BAV199LT1G","TopLayer","SOT23_N","-2510.000","-795.000","90","Dual Series low-leakage switching diodes, 3-Pin SOT-23"
"P2","MOLEX-43045-0412","TopLayer","MOLEX-43045-0412","-3740.000","-1501.496","360","Wire-To-Board Connector, With Polarizing Peg, 3 mm, 4 Contacts, Header, Micro-Fit 3.0 43045 Series"
"Gnd3","Gnd","TopLayer","PCBPIN_-_1mm","-4110.000","-1730.000","0","Test Point"
"Gnd2","Gnd","TopLayer","PCBPIN_-_1mm","-2520.000","-1730.000","0","Test Point"
"T2","Vdd","TopLayer","PCBPIN_-_0.7mm","-1015.000","-740.000","90","Test Point"
"T3","Vdd","TopLayer","PCBPIN_-_0.7mm","-900.000","-740.000","90","Test Point"
"T1","Vdd","TopLayer","PCBPIN_-_0.7mm","-1070.000","-275.000","90","Test Point"
"R36","DNP","TopLayer","CR1608-0603_N","-1820.000","-875.000","90","Resistor SMT 0603"
"R35","DNP","TopLayer","CR1608-0603_N","-2990.000","-875.000","90","Resistor SMT 0603"
"D16","BAT54S","TopLayer","SOT23_N","35.000","-860.000","360","Dual  Series Schottky Diodes, SOT23"
"U3","TLV2186","TopLayer","SOIC127P600-8N","-2805.000","-825.000","270","Dual Precision,Rail-to-Rail Input and Output, 4.5-24V, Zero-Drift OperationalAmplifier"
"R45","10K","TopLayer","CR1608-0603_N","-3605.000","-770.000","180","Resistor SMT 0603"
"N1","Nalclip-Edge","TopLayer","Nalclip-Edge","-4340.000","-1280.000","270",""
"U2","MC79L05ACD","TopLayer","SOIC127P600-8N","-3034.984","-328.087","90","IC REG LINEAR -5V 100MA SOIC-8"
"TP_PGND","Vdd","TopLayer","PCBPIN_-_0.7mm","-705.472","-1267.087","90","Test Point"
"C15","100nF","TopLayer","CCNP1608-0603","-305.472","-392.087","180","Capacitor non-polar SMT 0603"
"C18","100nF","TopLayer","CCNP1608-0603","-305.473","-337.087","180","Capacitor non-polar SMT 0603"
"U10","LM4040BIM3-3.0/NOPB","TopLayer","SOT23_N","-245.472","-208.087","270","IC 3.0V VREF SHUNT 0.2% SOT23-3"
"C25","1uF","TopLayer","CC2012-0805","-1910.000","-1542.599","270","Capacitor SMT 0805"
"C24","1uF","TopLayer","CC2012-0805","-3480.000","-1540.000","270","Capacitor SMT 0805"
"TP_+V","Vdd","TopLayer","PCBPIN_-_0.7mm","-2390.472","-466.614","90","Test Point"
"TP_D2","Vdd","TopLayer","PCBPIN_-_0.7mm","-2648.472","-1117.087","0","Test Point"
"TP_D1","Vdd","TopLayer","PCBPIN_-_0.7mm","-1110.472","-1137.087","0","Test Point"
"TP_TC1","Vdd","TopLayer","PCBPIN_-_0.7mm","-1115.000","-645.000","0","Test Point"
"TP_NTC1","Vdd","TopLayer","PCBPIN_-_0.7mm","-1713.386","-620.000","0","Test Point"
"TP_H1","Vdd","TopLayer","PCBPIN_-_0.7mm","-1680.472","-1517.087","0","Test Point"
"TP_TC2","Vdd","TopLayer","PCBPIN_-_0.7mm","-2620.472","-632.087","0","Test Point"
"TP_OC","Vdd","TopLayer","PCBPIN_-_0.7mm","-2315.000","-670.000","0","Test Point"
"TP_NTC2","Vdd","TopLayer","PCBPIN_-_0.7mm","-2880.472","-632.087","0","Test Point"
"TP_H2","Vdd","TopLayer","PCBPIN_-_0.7mm","-3240.472","-1447.087","0","Test Point"
"TP_AC_REF","Vdd","TopLayer","PCBPIN_-_0.7mm","190.000","-810.000","90","Test Point"
"TP_Vpp","Vdd","TopLayer","PCBPIN_-_0.7mm","9.528","-1127.087","90","Test Point"
"TP_-V","Vdd","TopLayer","PCBPIN_-_0.7mm","-2810.472","-467.087","90","Test Point"
"SP6","6MM Spacer","BottomLayer","Spacer-6mm","-4375.472","-1857.087","180","6MM Spacer"
"SP5","6MM Spacer","BottomLayer","Spacer-6mm","469.528","-1462.087","180","6MM Spacer"
"D2","BZT52C12S-7-F","TopLayer","SOD-323","-1288.504","-1430.000","360","Surface Mount Zener Diode, 12-13 V, -65 to 150 degC, 2-Pin SMD (SOD-123), RoHS, Tape and Reel"
"U1","NCP1117DT33T5G","TopLayer","TO-252","-2125.472","-302.087","180","IC REG LINEAR +3V3 1A TO252-3"
"P1","Terminal4_BUCHANAN","TopLayer","TYCO-282834-4","-770.472","-1887.087","0","2.54mm Terminal Block"
"R25","OAR3-R050FI","TopLayer","OAR3-R050FI","-3425.472","-1492.087","270","Current Sense Resistor, 0.05 ohm, OAR Series, 3 W, Metal Strip, Radial Leaded, � 1%"
"R26","OAR3-R050FI","TopLayer","OAR3-R050FI","-1844.472","-1492.087","270","Current Sense Resistor, 0.05 ohm, OAR Series, 3 W, Metal Strip, Radial Leaded, � 1%"
"R19","4K3","TopLayer","CR1608-0603_N","-153.504","-1415.630","90","Resistor SMT 0603"
"R20","4K3","TopLayer","CR1608-0603_N","-73.504","-1415.630","90","Resistor SMT 0603"
"R27","4K3","TopLayer","CR1608-0603_N","-153.504","-1710.630","90","Resistor SMT 0603"
"R28","4K3","TopLayer","CR1608-0603_N","-73.504","-1710.630","90","Resistor SMT 0603"
"D11","LED","BottomLayer","LED3MM-RED_-_10MM_PROUD","-3149.606","-2185.039","0","3mm Red LED"
"D9","LED","BottomLayer","LED3MM-RED_-_10MM_PROUD","-1574.803","-2185.039","0","3mm Red LED"
"D10","LED","BottomLayer","LED3MM-GREEN_-_10MM_PROUD","-1377.953","-2185.039","0","3mm Green LED"
"D12","LED","BottomLayer","LED3MM-GREEN_-_10MM_PROUD","-2952.756","-2185.039","0","3mm Green LED"
"S2","SW_PB-FSM4JAH","BottomLayer","SW_MIN_PB-B3F1052","-3051.181","-1850.394","0","Switch miniature push-button"
"S1","SW_PB-FSM4JAH","BottomLayer","SW_MIN_PB-B3F1052","-242.480","-866.142","180","Switch miniature push-button"
"S3","SW_PB-FSM4JAH","BottomLayer","SW_MIN_PB-B3F1052","-1476.378","-1850.394","0","Switch miniature push-button"
"U5","MK20DX128VLF5","TopLayer","TSQFP50P900X900-48N","-636.220","-475.669","90","Kinetis K20: 50MHz Cortex-M4 Performance MCU, 160KB Flash, 16KB SRAM, Full-Speed USB, 48-LQFP"
"C13","2.2uF","TopLayer","CCNP1608-0603","-305.473","-467.087","180","Capacitor"
"C14","100nF","TopLayer","CCNP1608-0603","-740.472","-212.087","360","Capacitor non-polar SMT 0603"
"C16","100nF","TopLayer","CCNP1608-0603","-365.000","-685.000","180","Capacitor non-polar SMT 0603"
"Logo1","OSHW Logo","TopLayer","OSHW","-6220.472","-3307.087","0",""
"P6","SWD Connector 2x5-Pin","TopLayer","SWD-2x5-Jig-Header","-778.504","-5.000","360","SWD Connector 2x5-Pin"
"R38","10K","TopLayer","CR1608-0603_N","-440.000","-835.000","360","Resistor SMT 0603"
"R37","10K","TopLayer","CR1608-0603_N","-230.000","-780.000","180","Resistor SMT 0603"
"R40","10K","TopLayer","CR1608-0603_N","-440.000","-895.000","360","Resistor SMT 0603"
"R39","5k1","TopLayer","CR1608-0603_N","566.496","-680.000","360","Resistor SMT 0603"
"R41","5k1","TopLayer","CR1608-0603_N","566.496","-160.000","180","Resistor SMT 0603"
"R42","33R","TopLayer","CR1608-0603_N","-308.504","-530.000","180","Resistor SMT 0603"
"R43","33R","TopLayer","CR1608-0603_N","-308.504","-580.000","180","Resistor SMT 0603"
"R50","470R","TopLayer","CR1608-0603_N","-3168.504","-2070.630","360","Resistor SMT 0603"
"R47","470R","TopLayer","CR1608-0603_N","-1588.504","-2070.000","180","Resistor SMT 0603"
"R49","470R","TopLayer","CR1608-0603_N","-1388.504","-2070.000","360","Resistor SMT 0603"
"R52","470R","TopLayer","CR1608-0603_N","-2968.504","-2070.630","360","Resistor SMT 0603"
"R51","4k7","TopLayer","CR1608-0603_N","-3409.449","-866.142","180","Resistor SMT 0603"
"R53","4k7","TopLayer","CR1608-0603_N","-3409.449","-767.717","180","Resistor SMT 0603"
"TP_SCL","SCL","TopLayer","PCBPIN_-_0.7mm","-2274.504","-72.087","90","Test Point"
"TP_SDA","SDA","TopLayer","PCBPIN_-_0.7mm","-2166.472","-72.087","90","Test Point"
"Y1","16 MHz","TopLayer","Crystal_SMD_3.2x2.5","-907.874","-229.606","90","Crystal SMD 3.2 x 2.5 x 0.7 mm"
"Z1","CM1293A-04SO","TopLayer","SOT457_N","401.496","-425.000","180","Ultra low capacitance quadruple rail-to-rail ESD protection"
"Q9","FDS4672","TopLayer","SO-8_N","106.496","-1780.630","360","N-Channel Power MOSFET, 11 A, 40 V. RDS(ON)  = 13 mO @ VGS = 4.5 V"
"Q10","FDS4672","TopLayer","SO-8_N","-333.504","-1780.630","360","N-Channel Power MOSFET, 11 A, 40 V. RDS(ON)  = 13 mO @ VGS = 4.5 V"
"Q8","FDS4675","TopLayer","SO-8_N","106.496","-1340.630","180","P-Channel Power MOSFET, 11 A, 40 V, RDS(ON) = 0.013 ? @ VGS = -10   VRDS(ON) = 0.017 ? @ VGS =   -4.5 VC"
"Q7","FDS4675","TopLayer","SO-8_N","-333.504","-1340.630","180","P-Channel Power MOSFET, 11 A, 40 V, RDS(ON) = 0.013 ? @ VGS = -10   VRDS(ON) = 0.017 ? @ VGS =   -4.5 VC"
"D6","AZ23C7V5","TopLayer","SOT23_N","-113.504","-1840.630","90","Dual silicon planar Zener diodes"
"D5","DZ23C12","TopLayer","SOT23_N","-113.504","-1280.630","270","Dual silicon planar Zener diodes"
"JLC_Serial_Number1","JLC_Serial_Number","TopLayer","JLC_Serial_Number","-6220.472","-3307.087","90",""
"USB1","USB4085-GF-A","TopLayer","USB4085-GF-A","622.047","-425.197","180","USB-C, USB 2.0 Receptacle Connector 16 Position Through Hole, Right Angle"
"SC2","B32-2010","BottomLayer","SW-CAP-B32-2010","-6220.472","-3307.087","180","Switch Cap"
"SC3","B32-2010","BottomLayer","SW-CAP-B32-2010","-6220.472","-3307.087","180","Switch Cap"
"SC1","B32-2010","BottomLayer","SW-CAP-B32-2010","-6220.472","-3307.087","180","Switch Cap"
"E1","PEC12R-4217F","BottomLayer","ROTARYENCODER_-_PEC12R","-3789.370","-866.142","90","Rotary Encoder Bourns
17.5 mm shaft"
"OLED1","OLED_Display","BottomLayer","OLED_Display_128x64_2.4inch_-_no_mounting_holes","-3287.401","-867.402","0","OLED Display 128x64 pixels, 
2.4""
"Q1","FDS4675","TopLayer","SO-8_N","-2948.504","-1595.630","90","P-Channel Power MOSFET, 11 A, 40 V, RDS(ON) = 0.013 ? @ VGS = -10   VRDS(ON) = 0.017 ? @ VGS =   -4.5 VC"
"R5","7k5","TopLayer","CR1608-0603_N","-2908.504","-1360.000","360","Resistor SMT 0603"
"SP1","6MM Spacer","BottomLayer","SPACER-6MM","-3937.008","0.000","180","6MM Spacer"
"SP2","6MM Spacer","BottomLayer","SPACER-6MM","-4566.929","-866.142","180","6MM Spacer"
"SP3","6MM Spacer","BottomLayer","SPACER-6MM","629.921","-866.142","180","6MM Spacer"
"SP4","6MM Spacer","BottomLayer","SPACER-6MM","-85.000","0.000","180","6MM Spacer"
"BR1","MB1S","TopLayer","MB1S","-3010.000","-45.000","360","Bridge Rectifier Diode, Single Phase, 100 V, 800 mA, SOIC, 1.1 V, 4 Pins"
"C2","10uF","TopLayer","CCNP2012-0805","-1800.472","-287.087","270","Capacitor"
"Gnd1","Gnd","TopLayer","PCBPIN_-_0.7mm","-1620.472","-327.087","90","Test Point"
"J2","JST XH Connector, 3-Pin","TopLayer","JST-B3B-XH-AX","-2559.055","-39.370","180","JST XH Connector, 3-Pin"
"R1","75K","TopLayer","CR1608-0603_N","-2808.504","-1360.000","360","Resistor SMT 0603"
"RV1","V33MLA1206NHAUTO","TopLayer","VR3216-1206","-119.504","-1563.000","180","V33MLA1206NH - TVS Varistor, 26 V, 33 V, MLA Series, 75 V, 1206 [3216 Metric], Multilayer Varistor (MLV)"
"C1","100nF","TopLayer","CCNP2012-0805","-2390.472","-357.087","270","Capacitor non-polar SMT 0805"
"C5","2.2uF","TopLayer","CCNP2012-0805","-3250.472","-366.087","90","Capacitor non-polar SMT 0805"
"C6","10uF","TopLayer","CCNP2012-0805","-2820.472","-322.087","270","Capacitor"
"TP_+3V3","Vdd","TopLayer","PCBPIN_-_0.7mm","-1800.472","-467.087","90","Test Point"
"TP_-5V","Vdd","TopLayer","PCBPIN_-_0.7mm","-2600.472","-467.087","90","Test Point"
"C3","470uF/50V","TopLayer","RB5/13X21MM","-3640.472","-322.087","270",""
"C4","470uF/50V","TopLayer","RB5/13X21MM","-4240.472","-322.087","90",""
"D1","BZT52C12S-7-F","TopLayer","SOD-323","-2848.504","-1430.000","360","Surface Mount Zener Diode, 12-13 V, -65 to 150 degC, 2-Pin SMD (SOD-123), RoHS, Tape and Reel"
"R48","1K","TopLayer","CR1608-0603_N","-400.472","-232.087","270","Resistor SMT 0603"
"R3","15K","TopLayer","CR1608-0603_N","-2745.000","-1185.000","270","Resistor SMT 0603"
"R2","75K","TopLayer","CR1608-0603_N","-1248.504","-1360.000","360","Resistor SMT 0603"
"Q2","FDS4675","TopLayer","SO-8_N","-1392.913","-1595.630","90","P-Channel Power MOSFET, 11 A, 40 V, RDS(ON) = 0.013 ? @ VGS = -10   VRDS(ON) = 0.017 ? @ VGS =   -4.5 VC"
"R6","7k5","TopLayer","CR1608-0603_N","-1358.504","-1360.000","360","Resistor SMT 0603"
"R7","39K","TopLayer","CR1608-0603_N","-2808.504","-1290.000","360","Resistor SMT 0603"
"R9","43K","TopLayer","CR1608-0603_N","-2940.000","-1195.000","90","Resistor SMT 0603"
"R11","30K","TopLayer","CR1608-0603_N","-3040.000","-1170.000","180","Resistor SMT 0603"
"C8","100nF","TopLayer","CCNP1608-0603","-2686.504","-691.000","360","Capacitor non-polar SMT 0603"
"C10","100nF","TopLayer","CCNP1608-0603","-2863.504","-965.000","360","Capacitor non-polar SMT 0603"
"D7","BAV199LT1G","TopLayer","SOT23_N","-3095.000","-800.000","90","Dual Series low-leakage switching diodes, 3-Pin SOT-23"
"D3","BAV199LT1G","TopLayer","SOT23_N","-2510.000","-940.000","90","Dual Series low-leakage switching diodes, 3-Pin SOT-23"
"R13","100K","TopLayer","CR1608-0603_N","-2513.504","-690.000","180","Resistor SMT 0603"
"R15","1K 1%","TopLayer","CR1608-0603_N","-2405.000","-820.000","90","Resistor SMT 0603"
"R17","100K 1%","TopLayer","CR1608-0603_N","-2405.000","-920.000","90","Resistor SMT 0603"
"R21","1K 1%","TopLayer","CR1608-0603_N","-2632.472","-925.000","90","Resistor SMT 0603"
"R22","100K 1%","TopLayer","CR1608-0603_N","-2632.472","-825.000","90","Resistor SMT 0603"
"R29","10K","TopLayer","CR1608-0603_N","-3078.504","-975.000","180","Resistor SMT 0603"
"R33","10K","TopLayer","CR1608-0603_N","-2990.000","-775.000","90","Resistor SMT 0603"
"R34","10K","TopLayer","CR1608-0603_N","-1820.000","-775.000","90","Resistor SMT 0603"
"R30","10K","TopLayer","CR1608-0603_N","-1920.000","-975.000","180","Resistor SMT 0603"
"R24","100K 1%","TopLayer","CR1608-0603_N","-1455.000","-825.000","90","Resistor SMT 0603"
"R23","1K 1%","TopLayer","CR1608-0603_N","-1455.000","-925.000","90","Resistor SMT 0603"
"R18","100K 1%","TopLayer","CR1608-0603_N","-1228.701","-920.000","90","Resistor SMT 0603"
"R16","1K 1%","TopLayer","CR1608-0603_N","-1228.701","-820.000","90","Resistor SMT 0603"
"R14","100K","TopLayer","CR1608-0603_N","-1338.701","-690.000","180","Resistor SMT 0603"
"D8","BAV199LT1G","TopLayer","SOT23_N","-1935.000","-800.000","90","Dual Series low-leakage switching diodes, 3-Pin SOT-23"
"C11","100nF","TopLayer","CCNP1608-0603","-1688.701","-965.000","360","Capacitor non-polar SMT 0603"
"C9","100nF","TopLayer","CCNP1608-0603","-1514.504","-681.000","360","Capacitor non-polar SMT 0603"
"U4","TLV2186","TopLayer","SOIC127P600-8N","-1628.701","-825.000","0","Dual Precision,Rail-to-Rail Input and Output, 4.5-24V, Zero-Drift OperationalAmplifier"
"R44","10K","TopLayer","CR1608-0603_N","-3960.000","-765.000","360","Resistor SMT 0603"
"R46","10K","TopLayer","CR1608-0603_N","-3960.000","-965.000","360","Resistor SMT 0603"
"Q3","MMBT3906LT1G","TopLayer","SOT23_N","-2840.000","-1185.000","0","General Purpose Transistor, PNP Silicon, 3-Pin SOT-23, Pb-Free, Tape and Reel"
"R54","10K","TopLayer","CR1608-0603_N","-3155.000","-900.000","90","Resistor SMT 0603"
"R55","10K","TopLayer","CR1608-0603_N","-1995.000","-900.000","90","Resistor SMT 0603"
"R58","15K","TopLayer","CR1608-0603_N","190.000","-925.000","90","Resistor SMT 0603"
"R59","10K","TopLayer","CR1608-0603_N","-878.504","-111.000","360","Resistor SMT 0603"
"J1","JST XH Connector, 4-Pin","TopLayer","JST-B4B-XH-AX","-1305.000","-39.370","180","JST XH Connector, 4-Pin"
"R60","0R","TopLayer","CR1608-0603_N","-2808.504","-690.000","180","Resistor SMT 0603"
"R61","0R","TopLayer","CR1608-0603_N","-1638.504","-690.000","180","Resistor SMT 0603"
"R62","0R","TopLayer","CR1608-0603_N","-2958.504","-690.000","180","Resistor SMT 0603"
"R63","0R","TopLayer","CR1608-0603_N","-1788.504","-690.000","180","Resistor SMT 0603"
"R65","1K","TopLayer","CR1608-0603_N","-1260.000","-235.000","90","Resistor SMT 0603"
"R66","1K","TopLayer","CR1608-0603_N","-1355.000","-235.000","90","Resistor SMT 0603"
"C19","100nF","TopLayer","CCNP1608-0603","-2280.472","-1070.087","360","Capacitor non-polar SMT 0603"
"R67","10K","TopLayer","CR1608-0603_N","-2440.000","-1080.000","360","Resistor SMT 0603"
"R68","10K 1%","TopLayer","CR1608-0603_N","-2148.504","-1250.000","90","Resistor SMT 0603"
"R69","1K 1%","TopLayer","CR1608-0603_N","-2567.472","-1271.087","90","Resistor SMT 0603"
"R70","100K","TopLayer","CR1608-0603_N","-2198.504","-1250.000","90","Resistor SMT 0603"
"U8","LM393ADR","TopLayer","SOIC127P600-8N","-2378.504","-1210.000","360","IC DUAL DIFF COMPARATOR 8-SOIC"
"F1","Bell FC-211-22","TopLayer","FUSE_CLIP_5x20","379.528","-1457.087","90","5x20mm fuse clip PCB Mount"
